Date,Cases,Tests,Hospitalizations,Deaths,Vaccinations
2020-03-01,87.0,1131,53.0,5,516
2020-03-02,113.0,886,54.0,7,537
2020-03-03,112.0,1094,57.0,3,516
2020-03-04,111.0,962,53.0,8,547
2020-03-05,114.0,1072,23.0,2,506
2020-03-06,,984,37.0,4,505
2020-03-07,87.0,969,49.0,7,535
2020-03-08,109.0,1061,45.0,5,551
2020-03-09,111.0,949,43.0,3,496
2020-03-10,105.0,990,50.0,5,507
2020-03-11,87.0,993,35.0,7,518
2020-03-12,122.0,1077,46.0,3,495
2020-03-13,136.0,1031,48.0,8,494
2020-03-14,118.0,1093,39.0,6,453
2020-03-15,134.0,986,62.0,4,506
2020-03-16,109.0,1045,49.0,6,473
2020-03-17,95.0,1100,49.0,3,549
2020-03-18,112.0,965,31.0,7,492
2020-03-19,102.0,1047,37.0,7,476
2020-03-20,80.0,962,54.0,8,507
2020-03-21,99.0,1050,66.0,5,504
2020-03-22,76.0,1084,48.0,4,467
2020-03-23,86.0,1083,43.0,5,532
2020-03-24,69.0,953,49.0,3,504
2020-03-25,78.0,947,28.0,8,502
2020-03-26,80.0,1071,58.0,9,499
2020-03-27,112.0,995,53.0,4,453
2020-03-28,99.0,1015,71.0,3,506
2020-03-29,93.0,934,45.0,5,514
2020-03-30,65.0,959,46.0,6,485
2020-03-31,90.0,1077,51.0,3,498
2020-04-01,103.0,843,73.0,8,506
2020-04-02,105.0,978,42.0,7,532
2020-04-03,134.0,974,67.0,2,501
2020-04-04,107.0,1066,58.0,7,487
2020-04-05,101.0,964,47.0,4,491
2020-04-06,,1005,51.0,5,537
2020-04-07,116.0,957,,5,547
2020-04-08,103.0,855,44.0,6,527
2020-04-09,105.0,1077,37.0,4,512
2020-04-10,115.0,1124,54.0,4,510
2020-04-11,87.0,927,42.0,2,477
2020-04-12,74.0,1050,36.0,7,513
2020-04-13,89.0,1002,59.0,3,480
2020-04-14,96.0,956,52.0,2,516
2020-04-15,85.0,1091,39.0,3,495
2020-04-16,93.0,1092,42.0,5,465
2020-04-17,103.0,960,54.0,3,481
2020-04-18,96.0,1058,55.0,5,502
2020-04-19,123.0,1011,38.0,5,463
2020-04-20,104.0,962,52.0,2,486
2020-04-21,75.0,996,,3,481
2020-04-22,100.0,1135,33.0,7,515
2020-04-23,111.0,1001,59.0,7,470
2020-04-24,94.0,1025,42.0,3,504
2020-04-25,84.0,997,65.0,10,464
2020-04-26,111.0,1007,55.0,2,510
2020-04-27,78.0,1027,46.0,4,562
2020-04-28,122.0,1063,43.0,1,483
2020-04-29,96.0,1000,52.0,5,511
2020-04-30,106.0,964,52.0,6,567
2020-05-01,82.0,1035,52.0,4,498
2020-05-02,106.0,873,19.0,9,499
2020-05-03,90.0,1123,48.0,2,515
2020-05-04,90.0,1049,48.0,12,489
2020-05-05,82.0,1021,44.0,5,477
2020-05-06,118.0,1068,52.0,3,487
2020-05-07,69.0,977,60.0,3,457
2020-05-08,77.0,957,53.0,6,467
2020-05-09,107.0,1004,42.0,7,482
2020-05-10,103.0,991,48.0,4,501
2020-05-11,112.0,881,38.0,4,497
2020-05-12,119.0,1027,57.0,3,467
2020-05-13,74.0,978,66.0,3,475
2020-05-14,107.0,902,49.0,5,543
2020-05-15,96.0,894,63.0,8,481
2020-05-16,89.0,987,54.0,4,522
2020-05-17,107.0,961,49.0,4,520
2020-05-18,84.0,1098,58.0,4,467
2020-05-19,98.0,1070,55.0,6,527
2020-05-20,93.0,943,51.0,5,455
2020-05-21,129.0,978,60.0,3,468
2020-05-22,127.0,922,42.0,6,483
2020-05-23,124.0,1064,38.0,6,519
2020-05-24,112.0,1073,48.0,6,476
2020-05-25,103.0,983,36.0,5,483
2020-05-26,85.0,928,58.0,1,500
2020-05-27,115.0,922,31.0,7,499
2020-05-28,106.0,985,,5,500
2020-05-29,109.0,975,34.0,5,500
2020-05-30,86.0,937,59.0,6,531
2020-05-31,107.0,1059,50.0,9,526
2020-06-01,106.0,933,,3,472
2020-06-02,105.0,1023,37.0,6,521
2020-06-03,103.0,939,51.0,4,483
2020-06-04,110.0,1072,51.0,6,492
2020-06-05,119.0,1038,52.0,2,522
2020-06-06,102.0,1105,52.0,7,517
2020-06-07,124.0,989,53.0,5,518
2020-06-08,91.0,1054,46.0,8,482
2020-06-09,98.0,1115,41.0,5,483
2020-06-10,123.0,1097,59.0,3,494
2020-06-11,86.0,981,63.0,10,513
2020-06-12,109.0,1006,50.0,7,484
2020-06-13,110.0,1102,42.0,7,464
2020-06-14,88.0,1020,57.0,6,519
2020-06-15,116.0,1047,46.0,6,474
2020-06-16,101.0,992,61.0,4,475
2020-06-17,95.0,1054,43.0,6,493
2020-06-18,86.0,940,42.0,5,519
2020-06-19,120.0,1061,61.0,6,483
2020-06-20,117.0,1016,55.0,6,530
2020-06-21,119.0,1042,44.0,4,511
2020-06-22,72.0,897,46.0,8,497
2020-06-23,115.0,1025,61.0,3,497
2020-06-24,,942,34.0,4,441
2020-06-25,132.0,1039,47.0,4,494
2020-06-26,101.0,1014,60.0,7,526
2020-06-27,112.0,1047,45.0,4,507
2020-06-28,99.0,966,54.0,7,475
2020-06-29,118.0,1023,48.0,6,480
2020-06-30,80.0,887,57.0,4,529
2020-07-01,,958,58.0,5,479
2020-07-02,106.0,993,54.0,9,510
2020-07-03,76.0,1095,63.0,5,489
2020-07-04,105.0,1004,52.0,2,469
2020-07-05,72.0,1061,41.0,6,482
2020-07-06,68.0,1052,45.0,3,525
2020-07-07,80.0,1063,45.0,11,485
2020-07-08,87.0,1100,,5,475
2020-07-09,89.0,946,53.0,5,495
2020-07-10,85.0,958,44.0,6,464
2020-07-11,81.0,1054,45.0,6,496
2020-07-12,88.0,1027,49.0,7,498
2020-07-13,97.0,972,43.0,5,492
2020-07-14,109.0,944,53.0,1,497
2020-07-15,105.0,941,54.0,5,456
2020-07-16,111.0,967,57.0,8,510
2020-07-17,101.0,986,39.0,4,483
2020-07-18,113.0,934,39.0,6,502
2020-07-19,100.0,998,53.0,10,527
2020-07-20,73.0,952,44.0,4,493
2020-07-21,111.0,876,44.0,4,490
2020-07-22,91.0,916,43.0,3,448
2020-07-23,92.0,868,65.0,6,471
2020-07-24,112.0,966,53.0,3,497
2020-07-25,67.0,952,41.0,4,492
2020-07-26,87.0,918,38.0,2,503
2020-07-27,88.0,1013,55.0,8,512
2020-07-28,122.0,872,61.0,4,527
2020-07-29,88.0,1013,77.0,6,514
2020-07-30,110.0,913,63.0,3,503
2020-07-31,107.0,966,62.0,8,501
2020-08-01,126.0,934,43.0,4,517
2020-08-02,101.0,1002,57.0,4,511
2020-08-03,99.0,1086,56.0,1,509
2020-08-04,126.0,989,69.0,5,513
2020-08-05,109.0,977,44.0,4,488
2020-08-06,131.0,869,61.0,8,482
2020-08-07,92.0,954,36.0,6,492
2020-08-08,126.0,964,72.0,2,508
2020-08-09,94.0,1058,66.0,3,527
2020-08-10,75.0,990,51.0,8,519
2020-08-11,102.0,930,76.0,5,485
2020-08-12,106.0,1065,57.0,8,454
2020-08-13,128.0,985,49.0,5,523
2020-08-14,109.0,931,44.0,5,469
2020-08-15,100.0,948,59.0,2,467
2020-08-16,121.0,1025,44.0,9,521
2020-08-17,109.0,925,47.0,5,503
2020-08-18,108.0,1076,65.0,7,524
2020-08-19,92.0,1004,39.0,2,511
2020-08-20,107.0,1023,52.0,6,476
2020-08-21,103.0,915,45.0,3,518
2020-08-22,76.0,1039,39.0,6,480
2020-08-23,116.0,1116,50.0,3,493
2020-08-24,97.0,1109,44.0,4,476
2020-08-25,103.0,1049,63.0,9,510
2020-08-26,114.0,1111,43.0,3,520
2020-08-27,122.0,956,56.0,4,471
2020-08-28,117.0,1057,52.0,4,546
2020-08-29,94.0,978,51.0,6,527
2020-08-30,110.0,1116,37.0,2,507
2020-08-31,79.0,1109,52.0,5,505
2020-09-01,111.0,1114,63.0,5,518
2020-09-02,105.0,1045,57.0,6,474
2020-09-03,68.0,1053,54.0,3,500
2020-09-04,104.0,971,55.0,5,509
2020-09-05,126.0,955,42.0,1,502
2020-09-06,104.0,1041,49.0,4,557
2020-09-07,80.0,1059,44.0,8,480
2020-09-08,83.0,907,47.0,4,449
2020-09-09,100.0,930,64.0,6,529
2020-09-10,126.0,951,50.0,2,521
2020-09-11,93.0,1111,49.0,3,510
2020-09-12,99.0,890,51.0,3,485
2020-09-13,105.0,1042,40.0,5,528
2020-09-14,83.0,956,58.0,5,530
2020-09-15,92.0,1059,30.0,9,503
2020-09-16,100.0,961,48.0,8,482
2020-09-17,,1031,53.0,3,502
2020-09-18,86.0,1028,66.0,7,511
2020-09-19,89.0,887,56.0,6,498
2020-09-20,108.0,956,51.0,4,542
2020-09-21,97.0,1018,66.0,8,475
2020-09-22,,861,51.0,5,490
2020-09-23,80.0,925,57.0,7,503
2020-09-24,106.0,957,50.0,6,500
2020-09-25,105.0,977,49.0,4,525
2020-09-26,110.0,968,36.0,6,498
2020-09-27,68.0,944,28.0,5,509
2020-09-28,85.0,899,41.0,4,460
2020-09-29,74.0,1053,47.0,3,467
2020-09-30,102.0,1078,59.0,4,485
2020-10-01,97.0,1061,45.0,4,497
2020-10-02,109.0,1039,61.0,3,514
2020-10-03,101.0,900,46.0,5,501
2020-10-04,119.0,1047,45.0,6,517
2020-10-05,129.0,980,41.0,4,505
2020-10-06,91.0,1010,40.0,2,474
2020-10-07,113.0,909,64.0,4,515
2020-10-08,103.0,888,44.0,6,498
2020-10-09,112.0,911,52.0,7,484
2020-10-10,112.0,1046,46.0,4,516
2020-10-11,108.0,1043,60.0,5,461
2020-10-12,120.0,1117,43.0,7,502
2020-10-13,110.0,1120,48.0,2,543
2020-10-14,99.0,870,46.0,3,493
2020-10-15,84.0,961,45.0,3,525
2020-10-16,107.0,995,60.0,6,481
2020-10-17,105.0,957,52.0,7,460
2020-10-18,89.0,896,46.0,5,488
2020-10-19,,870,53.0,8,466
2020-10-20,96.0,1018,55.0,2,482
2020-10-21,114.0,981,49.0,4,520
2020-10-22,113.0,966,52.0,3,481
2020-10-23,113.0,1031,32.0,4,517
2020-10-24,122.0,1006,55.0,8,521
2020-10-25,86.0,1026,52.0,2,471
2020-10-26,101.0,1080,42.0,8,500
2020-10-27,90.0,941,49.0,8,504
2020-10-28,113.0,1058,48.0,6,479
2020-10-29,100.0,1077,55.0,9,492
2020-10-30,91.0,1071,57.0,5,516
2020-10-31,85.0,899,57.0,8,502
2020-11-01,92.0,1076,40.0,4,534
2020-11-02,91.0,1013,55.0,2,494
2020-11-03,117.0,1102,53.0,9,528
2020-11-04,120.0,1020,37.0,9,504
2020-11-05,90.0,960,43.0,4,513
2020-11-06,74.0,937,56.0,8,530
2020-11-07,91.0,941,69.0,5,528
2020-11-08,92.0,955,46.0,3,510
2020-11-09,104.0,1087,58.0,4,473
2020-11-10,109.0,1020,56.0,3,487
2020-11-11,109.0,1016,73.0,4,523
2020-11-12,117.0,1052,72.0,5,488
2020-11-13,84.0,988,60.0,4,526
2020-11-14,119.0,1104,45.0,5,496
2020-11-15,72.0,935,35.0,5,533
2020-11-16,130.0,1047,47.0,7,497
2020-11-17,72.0,1011,39.0,6,484
2020-11-18,73.0,930,41.0,4,503
2020-11-19,114.0,1088,44.0,2,497
2020-11-20,112.0,1092,33.0,7,496
2020-11-21,98.0,878,53.0,7,502
2020-11-22,74.0,1079,33.0,7,471
2020-11-23,77.0,1025,55.0,6,489
2020-11-24,80.0,917,,4,474
2020-11-25,123.0,957,49.0,4,479
2020-11-26,,1110,57.0,6,497
2020-11-27,109.0,939,46.0,3,485
2020-11-28,89.0,1064,43.0,3,496
2020-11-29,97.0,991,31.0,3,470
2020-11-30,111.0,897,60.0,3,501
2020-12-01,102.0,987,47.0,4,511
2020-12-02,116.0,1020,38.0,5,479
2020-12-03,109.0,886,54.0,7,518
2020-12-04,95.0,916,59.0,2,505
2020-12-05,123.0,955,46.0,7,477
2020-12-06,69.0,1025,52.0,1,492
2020-12-07,98.0,1080,57.0,3,541
2020-12-08,80.0,982,43.0,6,471
2020-12-09,91.0,1049,56.0,4,548
2020-12-10,69.0,953,50.0,6,494
2020-12-11,77.0,952,53.0,4,487
2020-12-12,100.0,866,57.0,7,473
2020-12-13,119.0,1008,55.0,6,540
2020-12-14,101.0,1098,59.0,6,529
2020-12-15,85.0,1003,45.0,4,529
2020-12-16,112.0,966,50.0,7,511
2020-12-17,101.0,1058,44.0,2,510
2020-12-18,109.0,1035,55.0,6,482
2020-12-19,124.0,1037,51.0,3,530
2020-12-20,60.0,1058,58.0,6,524
2020-12-21,112.0,956,,5,476
2020-12-22,69.0,919,48.0,11,507
2020-12-23,112.0,925,25.0,4,482
2020-12-24,86.0,1098,40.0,2,483
2020-12-25,108.0,937,31.0,5,514
2020-12-26,102.0,978,59.0,4,515
2020-12-27,103.0,956,39.0,7,481
2020-12-28,97.0,1115,66.0,6,465
2020-12-29,97.0,994,60.0,2,532
2020-12-30,99.0,1116,46.0,3,515
2020-12-31,125.0,908,49.0,7,476
2021-01-01,127.0,900,,6,466
2021-01-02,90.0,950,57.0,8,486
2021-01-03,106.0,1104,53.0,7,489
2021-01-04,,916,62.0,1,498
2021-01-05,103.0,1043,47.0,5,503
2021-01-06,102.0,922,44.0,9,508
2021-01-07,79.0,1097,41.0,5,504
2021-01-08,96.0,1067,40.0,3,525
2021-01-09,104.0,1065,48.0,4,501
2021-01-10,97.0,974,34.0,8,507
2021-01-11,117.0,1003,40.0,2,482
2021-01-12,76.0,1045,47.0,3,494
2021-01-13,94.0,824,53.0,4,491
2021-01-14,73.0,1028,60.0,5,467
2021-01-15,,1007,56.0,2,507
2021-01-16,94.0,1076,68.0,3,504
2021-01-17,108.0,964,44.0,6,493
2021-01-18,96.0,976,51.0,8,488
2021-01-19,120.0,892,51.0,8,475
2021-01-20,78.0,886,54.0,8,472
2021-01-21,94.0,1045,42.0,4,447
2021-01-22,90.0,977,47.0,5,490
2021-01-23,82.0,919,42.0,2,490
2021-01-24,112.0,1171,55.0,3,524
2021-01-25,122.0,1105,45.0,4,538
2021-01-26,85.0,1066,64.0,2,510
2021-01-27,78.0,938,42.0,4,471
2021-01-28,113.0,1007,56.0,3,508
2021-01-29,97.0,947,45.0,4,485
2021-01-30,109.0,937,51.0,4,509
2021-01-31,80.0,1038,56.0,7,529
2021-02-01,82.0,1048,35.0,5,501
2021-02-02,117.0,969,,6,504
2021-02-03,111.0,1081,61.0,3,491
2021-02-04,100.0,989,45.0,1,524
2021-02-05,93.0,931,69.0,6,520
2021-02-06,103.0,909,62.0,4,529
2021-02-07,,985,38.0,5,520
2021-02-08,94.0,998,52.0,4,511
2021-02-09,105.0,979,51.0,5,476
2021-02-10,92.0,949,37.0,4,500
2021-02-11,117.0,971,63.0,2,483
2021-02-12,125.0,930,47.0,2,498
2021-02-13,99.0,910,39.0,2,487
2021-02-14,109.0,1034,45.0,3,494
2021-02-15,90.0,932,40.0,9,494
2021-02-16,81.0,970,46.0,4,487
2021-02-17,,958,41.0,1,538
2021-02-18,94.0,1046,66.0,3,505
2021-02-19,82.0,902,56.0,2,522
2021-02-20,111.0,967,62.0,5,505
2021-02-21,86.0,927,45.0,5,503
2021-02-22,128.0,900,44.0,3,521
2021-02-23,104.0,1046,35.0,3,571
2021-02-24,94.0,1058,51.0,3,484
2021-02-25,,1133,61.0,3,507
2021-02-26,101.0,1050,50.0,1,494
2021-02-27,117.0,949,35.0,7,509
2021-02-28,110.0,903,54.0,4,496
2021-03-01,85.0,995,42.0,9,507
2021-03-02,106.0,927,31.0,4,509
2021-03-03,89.0,976,52.0,9,541
2021-03-04,95.0,925,48.0,3,502
2021-03-05,86.0,989,46.0,3,530
2021-03-06,123.0,1059,40.0,4,533
2021-03-07,94.0,1000,42.0,3,502
2021-03-08,96.0,954,45.0,6,464
2021-03-09,103.0,937,52.0,6,510
2021-03-10,92.0,964,63.0,13,524
2021-03-11,95.0,1034,52.0,2,500
2021-03-12,91.0,1064,62.0,1,486
2021-03-13,80.0,908,50.0,6,518
2021-03-14,127.0,1009,45.0,5,506
2021-03-15,116.0,962,42.0,4,512
2021-03-16,98.0,982,56.0,3,473
2021-03-17,97.0,1097,70.0,3,467
2021-03-18,121.0,1061,48.0,7,490
2021-03-19,86.0,982,40.0,5,482
2021-03-20,122.0,960,52.0,3,534
2021-03-21,,1017,43.0,5,531
2021-03-22,86.0,1049,63.0,6,475
2021-03-23,,1056,51.0,4,502
2021-03-24,100.0,1031,59.0,5,509
2021-03-25,105.0,1086,52.0,8,462
2021-03-26,95.0,992,52.0,8,494
2021-03-27,82.0,1064,44.0,3,469
2021-03-28,84.0,929,45.0,7,509
2021-03-29,94.0,969,32.0,4,511
2021-03-30,77.0,1081,54.0,3,491
2021-03-31,95.0,893,54.0,2,526
2021-04-01,88.0,1014,64.0,5,514
2021-04-02,81.0,1128,37.0,5,460
2021-04-03,120.0,1006,52.0,8,508
2021-04-04,101.0,992,63.0,9,457
2021-04-05,100.0,924,56.0,5,459
2021-04-06,123.0,1010,39.0,3,474
2021-04-07,117.0,1041,49.0,8,503
2021-04-08,76.0,1010,60.0,9,485
2021-04-09,98.0,1011,,4,460
2021-04-10,94.0,1078,35.0,5,521
2021-04-11,98.0,1032,48.0,5,496
2021-04-12,103.0,894,45.0,4,509
2021-04-13,118.0,1095,31.0,5,505
2021-04-14,134.0,1087,54.0,6,515
2021-04-15,85.0,968,41.0,7,500
2021-04-16,111.0,1005,52.0,5,493
2021-04-17,83.0,1066,48.0,9,533
2021-04-18,85.0,925,41.0,1,487
2021-04-19,101.0,909,42.0,5,525
2021-04-20,90.0,1076,37.0,4,456
2021-04-21,113.0,1106,50.0,4,471
2021-04-22,80.0,977,39.0,4,491
2021-04-23,64.0,931,35.0,3,491
2021-04-24,116.0,1022,47.0,7,499
2021-04-25,91.0,930,48.0,6,519
2021-04-26,100.0,1030,42.0,3,548
2021-04-27,75.0,1009,57.0,4,535
2021-04-28,108.0,1026,58.0,10,491
2021-04-29,94.0,1050,61.0,3,533
2021-04-30,98.0,1013,,7,493
2021-05-01,97.0,942,37.0,9,502
2021-05-02,124.0,1058,58.0,4,474
2021-05-03,126.0,1045,30.0,6,497
2021-05-04,101.0,903,47.0,5,497
2021-05-05,95.0,958,58.0,1,496
2021-05-06,110.0,1096,41.0,2,561
2021-05-07,112.0,1111,41.0,3,485
2021-05-08,67.0,1044,63.0,3,509
2021-05-09,81.0,929,55.0,3,516
2021-05-10,84.0,915,50.0,7,518
2021-05-11,117.0,978,55.0,4,535
2021-05-12,102.0,1029,56.0,9,494
2021-05-13,103.0,925,43.0,5,493
2021-05-14,107.0,887,41.0,5,488
2021-05-15,93.0,1043,54.0,3,525
2021-05-16,99.0,1028,63.0,6,493
2021-05-17,70.0,978,58.0,7,474
2021-05-18,94.0,1050,42.0,5,467
2021-05-19,,946,69.0,5,513
2021-05-20,87.0,994,41.0,3,514
2021-05-21,78.0,1015,,5,490
2021-05-22,93.0,1086,51.0,8,541
2021-05-23,124.0,887,48.0,5,514
2021-05-24,74.0,900,54.0,6,495
2021-05-25,107.0,1037,64.0,5,489
2021-05-26,81.0,1046,62.0,5,514
2021-05-27,102.0,1098,31.0,6,539
2021-05-28,89.0,1079,47.0,5,471
2021-05-29,79.0,1009,60.0,6,516
2021-05-30,93.0,1079,40.0,5,476
2021-05-31,107.0,1067,41.0,3,493
2021-06-01,103.0,967,53.0,6,507
2021-06-02,98.0,951,46.0,3,503
2021-06-03,85.0,1057,51.0,4,491
2021-06-04,87.0,947,26.0,5,510
2021-06-05,123.0,984,41.0,3,496
2021-06-06,110.0,1047,52.0,8,513
2021-06-07,59.0,996,56.0,6,517
2021-06-08,97.0,1013,61.0,4,473
2021-06-09,85.0,1032,49.0,4,500
2021-06-10,113.0,1010,60.0,5,513
2021-06-11,101.0,1084,45.0,6,477
2021-06-12,103.0,999,49.0,5,519
2021-06-13,98.0,974,47.0,6,481
2021-06-14,104.0,1007,37.0,3,507
2021-06-15,114.0,1015,74.0,4,485
2021-06-16,91.0,1033,59.0,7,493
2021-06-17,76.0,982,31.0,2,503
2021-06-18,91.0,914,48.0,4,478
2021-06-19,118.0,1067,33.0,3,482
2021-06-20,99.0,1043,38.0,4,511
2021-06-21,114.0,1110,43.0,9,497
2021-06-22,88.0,1092,50.0,6,532
2021-06-23,109.0,1118,52.0,6,502
2021-06-24,109.0,1072,55.0,6,486
2021-06-25,97.0,973,61.0,6,505
2021-06-26,114.0,886,62.0,3,493
2021-06-27,102.0,1117,56.0,10,517
2021-06-28,88.0,1106,62.0,3,452
2021-06-29,124.0,920,30.0,8,507
2021-06-30,103.0,937,40.0,7,535
2021-07-01,114.0,1087,52.0,4,508
2021-07-02,113.0,1042,56.0,5,471
2021-07-03,107.0,971,54.0,4,521
2021-07-04,105.0,1097,44.0,9,480
2021-07-05,100.0,1029,55.0,4,522
2021-07-06,,1027,58.0,3,499
2021-07-07,101.0,884,44.0,2,486
2021-07-08,115.0,916,62.0,8,517
2021-07-09,111.0,1011,,6,502
2021-07-10,116.0,940,37.0,3,538
2021-07-11,84.0,932,53.0,7,477
2021-07-12,108.0,1082,65.0,7,506
2021-07-13,115.0,1044,58.0,6,477
2021-07-14,114.0,887,,6,497
2021-07-15,115.0,1050,62.0,6,471
2021-07-16,103.0,1044,58.0,2,515
2021-07-17,111.0,1072,27.0,11,524
2021-07-18,86.0,957,56.0,12,491
2021-07-19,87.0,945,47.0,2,495
2021-07-20,111.0,946,29.0,3,495
2021-07-21,80.0,1082,52.0,6,482
2021-07-22,93.0,1112,35.0,3,454
2021-07-23,101.0,948,62.0,4,486
2021-07-24,117.0,1025,48.0,2,493
2021-07-25,89.0,1039,50.0,2,513
2021-07-26,98.0,912,31.0,3,537
2021-07-27,118.0,1041,60.0,7,504
2021-07-28,81.0,1096,44.0,3,501
2021-07-29,85.0,1015,57.0,5,498
2021-07-30,83.0,1107,57.0,5,542
2021-07-31,79.0,892,62.0,6,430
2021-08-01,102.0,922,56.0,4,506
2021-08-02,93.0,1101,41.0,4,504
2021-08-03,112.0,980,61.0,2,490
2021-08-04,91.0,1032,52.0,9,514
2021-08-05,98.0,952,47.0,7,475
2021-08-06,94.0,1084,59.0,1,475
2021-08-07,76.0,993,47.0,4,523
2021-08-08,93.0,1001,53.0,3,503
2021-08-09,62.0,1031,47.0,3,525
2021-08-10,80.0,1026,45.0,4,472
2021-08-11,110.0,970,41.0,6,509
2021-08-12,121.0,956,57.0,5,525
2021-08-13,92.0,1004,40.0,5,497
2021-08-14,86.0,895,49.0,7,504
2021-08-15,129.0,1062,59.0,8,473
2021-08-16,,939,54.0,0,461
2021-08-17,120.0,931,55.0,8,512
2021-08-18,104.0,993,55.0,9,514
2021-08-19,87.0,934,55.0,6,464
2021-08-20,117.0,910,49.0,6,520
2021-08-21,81.0,1085,,4,485
2021-08-22,107.0,859,54.0,5,491
2021-08-23,118.0,1005,49.0,2,517
2021-08-24,103.0,1061,42.0,9,507
2021-08-25,97.0,908,48.0,4,481
2021-08-26,57.0,1062,51.0,2,538
2021-08-27,83.0,933,70.0,5,494
2021-08-28,88.0,1059,51.0,5,488
2021-08-29,78.0,924,45.0,3,501
2021-08-30,87.0,970,47.0,6,493
2021-08-31,75.0,1034,41.0,5,518
2021-09-01,108.0,1048,50.0,6,523
2021-09-02,109.0,1058,67.0,7,511
2021-09-03,113.0,987,60.0,6,507
2021-09-04,81.0,993,50.0,10,467
2021-09-05,84.0,1020,56.0,2,447
2021-09-06,92.0,1005,57.0,3,519
2021-09-07,93.0,930,46.0,4,527
2021-09-08,103.0,1080,47.0,6,472
2021-09-09,97.0,1035,34.0,7,481
2021-09-10,109.0,1119,40.0,1,493
2021-09-11,109.0,854,66.0,3,509
2021-09-12,89.0,896,46.0,8,501
2021-09-13,75.0,1072,42.0,6,514
2021-09-14,109.0,1040,42.0,3,482
2021-09-15,115.0,1016,47.0,6,541
2021-09-16,104.0,1037,43.0,6,474
2021-09-17,89.0,940,65.0,7,505
2021-09-18,135.0,1021,55.0,4,500
2021-09-19,108.0,968,37.0,4,508
2021-09-20,90.0,945,61.0,11,501
2021-09-21,74.0,1065,44.0,8,494
2021-09-22,88.0,966,51.0,6,465
2021-09-23,100.0,1101,66.0,7,506
2021-09-24,92.0,933,,5,508
2021-09-25,103.0,1111,48.0,5,495
2021-09-26,89.0,939,38.0,8,491
2021-09-27,112.0,910,47.0,9,516
2021-09-28,86.0,965,47.0,7,498
2021-09-29,84.0,899,45.0,4,521
2021-09-30,110.0,1097,41.0,3,486
2021-10-01,78.0,896,59.0,2,492
2021-10-02,109.0,1099,33.0,3,489
2021-10-03,83.0,1072,47.0,6,482
2021-10-04,,1052,43.0,6,514
2021-10-05,125.0,1128,57.0,3,524
2021-10-06,111.0,988,51.0,9,525
2021-10-07,108.0,906,41.0,2,477
2021-10-08,96.0,959,54.0,7,502
2021-10-09,,1061,29.0,6,529
2021-10-10,121.0,1039,55.0,7,464
2021-10-11,96.0,968,32.0,2,488
2021-10-12,82.0,909,50.0,6,478
2021-10-13,99.0,943,41.0,5,483
2021-10-14,120.0,923,37.0,3,512
2021-10-15,103.0,1071,56.0,2,506
2021-10-16,83.0,964,61.0,3,496
2021-10-17,111.0,1098,43.0,5,500
2021-10-18,87.0,899,39.0,3,487
2021-10-19,79.0,883,59.0,5,467
2021-10-20,104.0,956,32.0,2,464
2021-10-21,79.0,1018,52.0,2,508
2021-10-22,75.0,935,52.0,2,478
2021-10-23,108.0,1021,42.0,3,506
2021-10-24,105.0,1061,52.0,5,520
2021-10-25,115.0,905,41.0,2,492
2021-10-26,95.0,1007,55.0,5,488
2021-10-27,77.0,944,53.0,7,517
2021-10-28,92.0,1021,29.0,4,468
2021-10-29,111.0,1099,65.0,4,512
2021-10-30,116.0,938,49.0,2,522
2021-10-31,115.0,913,40.0,9,503
2021-11-01,98.0,956,59.0,7,492
2021-11-02,118.0,1037,48.0,4,485
2021-11-03,106.0,1098,45.0,6,543
2021-11-04,131.0,988,50.0,5,487
2021-11-05,110.0,987,59.0,5,516
2021-11-06,103.0,967,48.0,6,516
2021-11-07,85.0,1011,62.0,3,481
2021-11-08,110.0,914,47.0,6,486
2021-11-09,81.0,941,54.0,4,509
2021-11-10,99.0,961,51.0,5,538
2021-11-11,,900,52.0,4,484
2021-11-12,88.0,942,52.0,10,472
2021-11-13,98.0,1064,61.0,7,478
2021-11-14,85.0,924,58.0,6,507
2021-11-15,104.0,895,39.0,4,518
2021-11-16,106.0,938,55.0,6,454
2021-11-17,105.0,1072,52.0,5,496
2021-11-18,92.0,1091,60.0,1,426
2021-11-19,83.0,989,43.0,6,513
2021-11-20,86.0,1035,46.0,7,494
2021-11-21,95.0,969,32.0,4,495
2021-11-22,100.0,1085,65.0,9,527
2021-11-23,127.0,1023,44.0,4,496
2021-11-24,108.0,1070,50.0,3,538
2021-11-25,61.0,997,32.0,3,444
2021-11-26,91.0,889,40.0,6,513
2021-11-27,103.0,1058,54.0,5,496
2021-11-28,108.0,1039,41.0,3,528
2021-11-29,97.0,1099,47.0,3,500
2021-11-30,82.0,947,,4,504
2021-12-01,82.0,960,27.0,10,505
2021-12-02,114.0,911,28.0,3,504
2021-12-03,81.0,1087,51.0,5,515
2021-12-04,110.0,1009,40.0,3,528
2021-12-05,97.0,1085,54.0,3,466
2021-12-06,89.0,925,39.0,1,497
2021-12-07,99.0,964,58.0,4,499
2021-12-08,71.0,1014,57.0,8,503
2021-12-09,79.0,1059,43.0,8,514
2021-12-10,100.0,1085,49.0,3,496
2021-12-11,91.0,939,39.0,7,507
2021-12-12,110.0,985,69.0,4,481
2021-12-13,114.0,1097,54.0,6,510
2021-12-14,117.0,987,44.0,3,508
2021-12-15,85.0,1090,50.0,5,503
2021-12-16,76.0,897,62.0,5,479
2021-12-17,99.0,1070,56.0,10,498
2021-12-18,125.0,1120,33.0,2,479
2021-12-19,125.0,967,30.0,4,492
2021-12-20,66.0,1069,31.0,6,466
2021-12-21,102.0,1010,55.0,6,524
2021-12-22,113.0,1103,54.0,4,474
2021-12-23,104.0,1008,56.0,9,526
2021-12-24,98.0,1035,31.0,7,521
2021-12-25,105.0,908,48.0,6,518
2021-12-26,102.0,1053,46.0,3,451
2021-12-27,81.0,965,45.0,5,506
2021-12-28,,1034,61.0,5,484
2021-12-29,114.0,1038,54.0,8,486
2021-12-30,98.0,1025,47.0,5,471
2021-12-31,121.0,967,39.0,6,512
2022-01-01,103.0,995,39.0,5,502
2022-01-02,89.0,1133,49.0,6,482
2022-01-03,,964,41.0,5,506
2022-01-04,98.0,1037,46.0,5,479
2022-01-05,86.0,987,62.0,3,522
2022-01-06,117.0,1062,57.0,6,479
2022-01-07,86.0,1019,53.0,5,505
2022-01-08,93.0,1061,48.0,5,509
2022-01-09,101.0,972,57.0,5,520
2022-01-10,119.0,980,49.0,2,500
2022-01-11,84.0,908,45.0,5,496
2022-01-12,77.0,1018,53.0,3,505
2022-01-13,70.0,1090,52.0,7,501
2022-01-14,84.0,1098,41.0,7,546
2022-01-15,134.0,1043,44.0,6,460
2022-01-16,116.0,1028,48.0,7,480
2022-01-17,82.0,939,38.0,4,485
2022-01-18,118.0,997,69.0,7,507
2022-01-19,89.0,1088,54.0,2,473
2022-01-20,87.0,869,39.0,3,488
2022-01-21,92.0,994,42.0,3,527
2022-01-22,110.0,948,56.0,7,468
2022-01-23,105.0,916,46.0,5,508
2022-01-24,78.0,970,52.0,3,509
2022-01-25,117.0,960,58.0,5,537
2022-01-26,105.0,1000,59.0,8,519
2022-01-27,121.0,881,39.0,5,485
2022-01-28,72.0,923,51.0,3,530
2022-01-29,112.0,1048,45.0,2,468
2022-01-30,110.0,980,57.0,1,526
2022-01-31,91.0,943,50.0,6,506
2022-02-01,95.0,1036,,6,530
2022-02-02,93.0,1059,51.0,7,463
2022-02-03,92.0,1095,58.0,4,521
2022-02-04,95.0,1019,61.0,6,490
2022-02-05,118.0,912,51.0,3,523
2022-02-06,100.0,984,55.0,4,468
2022-02-07,112.0,1058,51.0,5,498
2022-02-08,103.0,979,40.0,3,502
2022-02-09,88.0,955,67.0,5,520
2022-02-10,110.0,1104,77.0,5,460
2022-02-11,110.0,988,44.0,3,532
2022-02-12,82.0,1056,48.0,5,500
2022-02-13,99.0,920,55.0,3,527
2022-02-14,56.0,994,61.0,8,506
2022-02-15,94.0,1059,43.0,5,455
2022-02-16,,1000,43.0,3,498
2022-02-17,89.0,1089,50.0,6,497
2022-02-18,73.0,933,48.0,2,494
2022-02-19,95.0,973,47.0,5,481
2022-02-20,88.0,967,62.0,2,536
2022-02-21,84.0,901,53.0,6,479
2022-02-22,114.0,998,,10,493
2022-02-23,90.0,909,45.0,3,501
2022-02-24,89.0,914,58.0,5,527
2022-02-25,104.0,942,52.0,4,466
2022-02-26,85.0,1007,47.0,3,501
2022-02-27,118.0,957,45.0,7,473
2022-02-28,126.0,998,56.0,4,493
2022-03-01,66.0,957,64.0,5,457
2022-03-02,131.0,998,54.0,6,488
2022-03-03,107.0,937,59.0,4,515
2022-03-04,87.0,964,42.0,4,472
2022-03-05,103.0,923,44.0,5,492
2022-03-06,96.0,1002,49.0,7,525
2022-03-07,98.0,1088,46.0,6,493
2022-03-08,116.0,1000,56.0,6,514
2022-03-09,87.0,909,56.0,6,503
2022-03-10,115.0,934,48.0,7,476
2022-03-11,114.0,1047,45.0,5,479
2022-03-12,94.0,941,49.0,5,480
2022-03-13,98.0,996,56.0,2,472
2022-03-14,99.0,1145,49.0,4,476
2022-03-15,95.0,1053,48.0,4,515
2022-03-16,73.0,1048,37.0,4,499
2022-03-17,102.0,978,57.0,8,491
2022-03-18,104.0,941,59.0,6,523
2022-03-19,78.0,1083,45.0,7,469
2022-03-20,86.0,976,52.0,2,592
2022-03-21,126.0,963,37.0,6,549
2022-03-22,140.0,1082,52.0,1,488
2022-03-23,96.0,907,52.0,5,477
2022-03-24,,1067,59.0,5,480
2022-03-25,91.0,920,41.0,2,495
2022-03-26,79.0,961,54.0,5,507
2022-03-27,82.0,999,53.0,4,523
2022-03-28,76.0,1047,49.0,4,491
2022-03-29,89.0,990,44.0,4,527
2022-03-30,118.0,983,53.0,4,491
2022-03-31,112.0,1085,60.0,4,504
2022-04-01,104.0,916,32.0,5,543
2022-04-02,94.0,1000,54.0,8,494
2022-04-03,110.0,1010,63.0,6,494
2022-04-04,100.0,1044,44.0,3,493
2022-04-05,121.0,1049,31.0,10,517
2022-04-06,87.0,945,49.0,4,537
2022-04-07,89.0,958,47.0,2,503
2022-04-08,102.0,961,46.0,4,481
2022-04-09,93.0,900,65.0,6,524
2022-04-10,79.0,1017,56.0,4,482
2022-04-11,83.0,1023,39.0,4,480
2022-04-12,85.0,1101,49.0,5,521
2022-04-13,123.0,1060,41.0,8,532
2022-04-14,109.0,940,38.0,7,533
2022-04-15,93.0,1066,46.0,9,510
2022-04-16,73.0,998,47.0,4,520
2022-04-17,75.0,1016,42.0,9,524
2022-04-18,71.0,1030,60.0,8,500
2022-04-19,102.0,976,49.0,4,466
2022-04-20,98.0,927,49.0,10,484
2022-04-21,81.0,1032,47.0,2,490
2022-04-22,81.0,995,,3,486
2022-04-23,107.0,1017,68.0,9,519
2022-04-24,101.0,1006,49.0,5,486
2022-04-25,86.0,1072,49.0,7,479
2022-04-26,107.0,990,64.0,4,485
2022-04-27,114.0,1007,,5,493
2022-04-28,94.0,893,62.0,4,491
2022-04-29,101.0,1055,67.0,2,470
2022-04-30,76.0,1014,49.0,7,516
2022-05-01,93.0,950,,5,514
2022-05-02,113.0,1063,53.0,4,511
2022-05-03,91.0,974,39.0,3,505
2022-05-04,88.0,973,49.0,5,503
2022-05-05,86.0,1028,57.0,2,533
2022-05-06,101.0,994,51.0,9,495
2022-05-07,91.0,1017,50.0,8,530
2022-05-08,115.0,1024,80.0,7,469
2022-05-09,125.0,1114,65.0,5,505
2022-05-10,85.0,1025,43.0,6,531
2022-05-11,88.0,935,62.0,2,519
2022-05-12,,1045,44.0,3,486
2022-05-13,105.0,1025,62.0,3,471
2022-05-14,79.0,1020,60.0,5,475
2022-05-15,100.0,1148,58.0,5,514
2022-05-16,105.0,1011,51.0,6,511
2022-05-17,97.0,1095,38.0,9,503
2022-05-18,109.0,983,49.0,6,493
2022-05-19,93.0,1057,54.0,4,523
2022-05-20,70.0,1090,39.0,7,503
2022-05-21,91.0,940,46.0,4,509
2022-05-22,83.0,1049,36.0,4,515
2022-05-23,90.0,942,65.0,2,507
2022-05-24,98.0,965,56.0,6,542
2022-05-25,101.0,1033,35.0,7,520
2022-05-26,109.0,1058,72.0,5,505
2022-05-27,127.0,1118,,2,532
2022-05-28,113.0,897,57.0,5,474
2022-05-29,91.0,1097,52.0,7,507
2022-05-30,103.0,969,45.0,5,470
2022-05-31,101.0,1086,45.0,3,522
2022-06-01,,1032,37.0,5,539
2022-06-02,118.0,1007,43.0,3,517
2022-06-03,99.0,989,55.0,5,531
2022-06-04,90.0,1037,48.0,7,513
2022-06-05,111.0,889,45.0,5,464
2022-06-06,96.0,1075,54.0,8,505
2022-06-07,77.0,990,34.0,9,495
2022-06-08,119.0,990,60.0,2,484
2022-06-09,130.0,1081,49.0,5,511
2022-06-10,108.0,1066,56.0,7,490
2022-06-11,86.0,984,64.0,1,460
2022-06-12,102.0,971,52.0,6,507
2022-06-13,84.0,943,47.0,7,522
2022-06-14,124.0,951,47.0,4,499
2022-06-15,,925,63.0,7,494
2022-06-16,108.0,920,49.0,8,506
2022-06-17,128.0,844,56.0,2,530
2022-06-18,113.0,1051,48.0,5,452
2022-06-19,102.0,1012,46.0,5,524
2022-06-20,81.0,940,59.0,6,463
2022-06-21,96.0,922,64.0,8,504
2022-06-22,102.0,1078,27.0,3,519
2022-06-23,98.0,1003,39.0,3,476
2022-06-24,121.0,1049,58.0,5,515
2022-06-25,100.0,1147,42.0,2,467
2022-06-26,60.0,921,51.0,7,503
2022-06-27,91.0,1051,36.0,7,516
2022-06-28,70.0,906,61.0,4,505
2022-06-29,93.0,1002,45.0,6,460
2022-06-30,117.0,1021,56.0,5,486
2022-07-01,108.0,1068,47.0,8,510
2022-07-02,86.0,1049,49.0,4,482
2022-07-03,86.0,948,40.0,6,512
2022-07-04,92.0,1076,69.0,3,496
2022-07-05,99.0,1095,48.0,5,500
2022-07-06,115.0,1000,40.0,7,500
2022-07-07,,1078,53.0,10,502
2022-07-08,95.0,1056,45.0,9,505
2022-07-09,124.0,1060,52.0,2,493
2022-07-10,94.0,1049,66.0,5,451
2022-07-11,86.0,1024,50.0,2,484
2022-07-12,105.0,997,50.0,5,488
2022-07-13,109.0,979,56.0,6,525
2022-07-14,108.0,1008,73.0,2,534
2022-07-15,115.0,1086,45.0,2,524
2022-07-16,107.0,1078,49.0,3,511
2022-07-17,114.0,954,64.0,1,494
2022-07-18,89.0,1000,62.0,6,459
2022-07-19,127.0,990,56.0,1,518
2022-07-20,92.0,932,53.0,5,509
2022-07-21,100.0,1100,43.0,7,482
2022-07-22,,1113,56.0,8,478
2022-07-23,97.0,1036,58.0,3,500
2022-07-24,112.0,1088,47.0,3,516
2022-07-25,,1030,53.0,5,499
2022-07-26,85.0,967,31.0,3,517
2022-07-27,98.0,897,60.0,4,522
2022-07-28,124.0,1101,51.0,7,502
2022-07-29,83.0,1094,65.0,6,474
2022-07-30,94.0,914,60.0,6,478
2022-07-31,67.0,980,56.0,14,448
2022-08-01,102.0,1013,41.0,7,510
2022-08-02,119.0,963,54.0,2,482
2022-08-03,99.0,1092,39.0,6,502
2022-08-04,103.0,1026,59.0,6,530
2022-08-05,90.0,1052,47.0,11,493
2022-08-06,101.0,1048,71.0,4,514
2022-08-07,115.0,1076,29.0,2,533
2022-08-08,102.0,902,61.0,3,496
2022-08-09,78.0,1020,47.0,6,422
2022-08-10,97.0,1015,38.0,8,543
2022-08-11,123.0,944,50.0,6,518
2022-08-12,,983,63.0,5,526
2022-08-13,91.0,1124,38.0,0,470
2022-08-14,74.0,929,40.0,7,519
2022-08-15,125.0,993,33.0,5,527
2022-08-16,118.0,954,36.0,7,499
2022-08-17,128.0,981,54.0,8,519
2022-08-18,91.0,1027,73.0,4,499
2022-08-19,,962,53.0,5,466
2022-08-20,88.0,1050,45.0,2,521
2022-08-21,,922,41.0,8,496
2022-08-22,111.0,992,52.0,5,526
2022-08-23,76.0,1071,59.0,4,500
2022-08-24,95.0,1012,54.0,3,453
2022-08-25,100.0,1002,58.0,5,514
2022-08-26,97.0,1109,60.0,2,493
2022-08-27,121.0,972,55.0,5,521
2022-08-28,106.0,1083,47.0,7,495
2022-08-29,,982,65.0,9,473
2022-08-30,98.0,908,61.0,6,525
2022-08-31,91.0,1059,43.0,4,480
2022-09-01,111.0,857,36.0,3,533
2022-09-02,126.0,1046,39.0,3,528
2022-09-03,94.0,964,49.0,4,491
2022-09-04,111.0,1008,45.0,5,531
2022-09-05,86.0,989,67.0,5,492
2022-09-06,90.0,1046,55.0,2,501
2022-09-07,80.0,918,45.0,8,450
2022-09-08,88.0,1085,62.0,6,532
2022-09-09,98.0,1059,56.0,7,519
2022-09-10,102.0,907,58.0,5,518
2022-09-11,86.0,1108,59.0,3,523
2022-09-12,75.0,974,52.0,4,463
2022-09-13,97.0,1076,43.0,4,515
2022-09-14,100.0,979,53.0,2,524
2022-09-15,127.0,1064,34.0,3,474
2022-09-16,110.0,1076,48.0,8,489
2022-09-17,99.0,994,47.0,2,494
2022-09-18,84.0,1007,39.0,4,510
2022-09-19,88.0,948,47.0,6,445
2022-09-20,80.0,1035,31.0,4,499
2022-09-21,81.0,1020,57.0,4,493
2022-09-22,122.0,982,52.0,11,518
2022-09-23,87.0,1106,51.0,5,514
2022-09-24,82.0,1072,53.0,7,518
2022-09-25,111.0,1011,61.0,7,481
2022-09-26,100.0,1114,48.0,3,525
2022-09-27,112.0,944,41.0,6,513
2022-09-28,117.0,1014,43.0,1,505
2022-09-29,103.0,1006,38.0,5,517
2022-09-30,87.0,1088,47.0,3,482
2022-10-01,114.0,908,49.0,7,496
2022-10-02,92.0,1085,43.0,5,508
2022-10-03,108.0,1025,55.0,9,556
2022-10-04,114.0,1073,58.0,5,521
2022-10-05,97.0,1109,49.0,3,482
2022-10-06,70.0,874,56.0,3,489
2022-10-07,104.0,1051,42.0,6,503
2022-10-08,78.0,935,32.0,4,484
2022-10-09,118.0,1015,45.0,9,489
2022-10-10,98.0,948,36.0,3,483
2022-10-11,84.0,1111,56.0,4,498
2022-10-12,120.0,972,43.0,3,496
2022-10-13,93.0,1058,51.0,4,512
2022-10-14,104.0,920,33.0,3,533
2022-10-15,106.0,930,49.0,5,510
2022-10-16,113.0,985,44.0,5,486
2022-10-17,125.0,985,49.0,4,520
2022-10-18,100.0,888,57.0,3,466
2022-10-19,78.0,1104,50.0,6,536
2022-10-20,70.0,1022,58.0,1,466
2022-10-21,110.0,1035,56.0,6,507
2022-10-22,116.0,919,59.0,10,555
2022-10-23,126.0,1002,42.0,6,510
2022-10-24,98.0,1063,28.0,5,506
2022-10-25,106.0,1061,37.0,8,477
2022-10-26,98.0,1075,51.0,3,482
2022-10-27,99.0,867,53.0,1,547
2022-10-28,86.0,1055,53.0,3,514
2022-10-29,109.0,1085,47.0,6,474
2022-10-30,,925,50.0,6,499
2022-10-31,125.0,1002,61.0,4,520
2022-11-01,99.0,996,42.0,4,459
2022-11-02,102.0,934,53.0,6,518
2022-11-03,122.0,976,41.0,4,485
2022-11-04,90.0,983,44.0,6,447
2022-11-05,112.0,930,41.0,4,491
2022-11-06,104.0,966,53.0,4,476
2022-11-07,95.0,902,61.0,8,542
2022-11-08,94.0,1043,39.0,4,465
2022-11-09,83.0,903,59.0,4,493
2022-11-10,120.0,1132,64.0,8,470
2022-11-11,75.0,966,77.0,1,496
2022-11-12,79.0,973,51.0,6,485
2022-11-13,110.0,899,48.0,5,540
2022-11-14,77.0,913,65.0,2,510
2022-11-15,76.0,1042,50.0,6,515
2022-11-16,75.0,958,62.0,2,541
2022-11-17,94.0,933,55.0,3,518
2022-11-18,124.0,1061,49.0,4,510
2022-11-19,118.0,1033,36.0,4,529
2022-11-20,123.0,976,50.0,3,489
2022-11-21,100.0,889,37.0,5,504
2022-11-22,99.0,922,55.0,4,473
2022-11-23,98.0,967,46.0,2,523
2022-11-24,78.0,1064,68.0,3,498
2022-11-25,96.0,1007,63.0,9,524
2022-11-26,125.0,1133,44.0,8,484
2022-11-27,122.0,1022,59.0,1,517
2022-11-28,90.0,901,52.0,5,475
2022-11-29,114.0,1121,46.0,5,519
2022-11-30,98.0,1043,47.0,4,521
2022-12-01,,1103,43.0,5,509
2022-12-02,100.0,1052,54.0,4,520
2022-12-03,90.0,1044,33.0,7,469
2022-12-04,118.0,1117,38.0,4,536
2022-12-05,115.0,1132,61.0,7,510
2022-12-06,101.0,967,55.0,9,458
2022-12-07,79.0,951,61.0,0,503
2022-12-08,82.0,939,54.0,4,535
2022-12-09,109.0,1096,38.0,5,510
2022-12-10,111.0,892,49.0,2,542
2022-12-11,79.0,1014,41.0,5,475
2022-12-12,105.0,966,34.0,2,483
2022-12-13,120.0,877,41.0,6,516
2022-12-14,,990,,1,488
2022-12-15,93.0,1093,40.0,6,504
2022-12-16,118.0,881,49.0,8,526
2022-12-17,73.0,1082,46.0,5,505
2022-12-18,113.0,1068,46.0,5,445
2022-12-19,112.0,903,39.0,3,476
2022-12-20,75.0,1025,31.0,4,500
2022-12-21,108.0,916,38.0,4,536
2022-12-22,59.0,974,37.0,6,510
2022-12-23,98.0,1015,54.0,4,467
2022-12-24,104.0,1053,43.0,7,507
2022-12-25,101.0,946,42.0,6,517
2022-12-26,98.0,1058,56.0,4,515
2022-12-27,118.0,951,58.0,6,457
2022-12-28,112.0,959,52.0,3,530
2022-12-29,78.0,904,35.0,9,516
2022-12-30,78.0,904,51.0,8,502
2022-12-31,119.0,1092,51.0,5,460
2023-01-01,112.0,1043,40.0,7,483
2023-01-02,99.0,970,59.0,4,523
2023-01-03,82.0,895,59.0,6,515
2023-01-04,122.0,972,47.0,6,509
2023-01-05,128.0,1025,57.0,4,493
2023-01-06,83.0,1076,58.0,8,510
2023-01-07,103.0,925,,3,435
2023-01-08,125.0,1002,55.0,4,506
2023-01-09,108.0,996,51.0,7,512
2023-01-10,129.0,1017,53.0,7,553
2023-01-11,,1089,51.0,6,447
2023-01-12,109.0,952,49.0,2,502
2023-01-13,87.0,1021,62.0,10,525
2023-01-14,103.0,1093,37.0,7,476
2023-01-15,119.0,979,63.0,4,493
2023-01-16,95.0,954,42.0,3,503
2023-01-17,94.0,901,41.0,4,512
2023-01-18,108.0,967,42.0,4,499
2023-01-19,97.0,1013,52.0,6,538
2023-01-20,109.0,988,59.0,4,498
2023-01-21,78.0,1068,46.0,3,499
2023-01-22,110.0,937,40.0,3,474
2023-01-23,91.0,1012,38.0,8,510
2023-01-24,102.0,917,42.0,3,501
2023-01-25,110.0,993,55.0,4,491
2023-01-26,91.0,1020,51.0,7,501
2023-01-27,88.0,900,45.0,5,492
2023-01-28,105.0,954,57.0,3,500
2023-01-29,108.0,1092,49.0,7,456
2023-01-30,77.0,1061,65.0,4,521
2023-01-31,114.0,973,42.0,2,507
2023-02-01,111.0,945,63.0,4,452
2023-02-02,102.0,1121,37.0,5,514
2023-02-03,73.0,957,59.0,5,525
2023-02-04,,925,41.0,3,469
2023-02-05,92.0,946,47.0,8,493
2023-02-06,85.0,962,52.0,1,496
2023-02-07,124.0,1017,55.0,6,495
2023-02-08,107.0,998,61.0,3,536
2023-02-09,85.0,1031,57.0,8,485
2023-02-10,85.0,1084,70.0,5,467
2023-02-11,79.0,1004,34.0,1,461
2023-02-12,102.0,966,33.0,4,487
2023-02-13,92.0,1080,52.0,4,434
2023-02-14,103.0,1038,34.0,3,507
2023-02-15,85.0,905,55.0,2,521
2023-02-16,128.0,969,60.0,5,488
2023-02-17,104.0,971,58.0,5,473
2023-02-18,120.0,990,40.0,5,466
2023-02-19,88.0,984,28.0,3,497
2023-02-20,108.0,1015,46.0,2,514
2023-02-21,114.0,1040,48.0,6,475
2023-02-22,110.0,948,47.0,7,481
2023-02-23,,972,58.0,7,537
2023-02-24,119.0,951,46.0,5,496
2023-02-25,88.0,1123,52.0,7,518
2023-02-26,96.0,918,48.0,5,544
2023-02-27,81.0,1016,40.0,3,501
2023-02-28,99.0,970,40.0,12,500
2023-03-01,108.0,970,43.0,7,470
2023-03-02,71.0,1115,64.0,3,511
2023-03-03,94.0,925,50.0,5,496
2023-03-04,132.0,937,44.0,5,537
2023-03-05,84.0,944,45.0,4,476
2023-03-06,,938,32.0,4,492
2023-03-07,77.0,1025,56.0,6,513
2023-03-08,77.0,967,48.0,7,505
2023-03-09,123.0,1004,54.0,3,519
2023-03-10,86.0,999,60.0,10,541
2023-03-11,65.0,984,59.0,8,520
2023-03-12,112.0,1080,39.0,8,482
2023-03-13,119.0,1038,49.0,2,503
2023-03-14,118.0,1042,72.0,0,500
2023-03-15,129.0,896,48.0,11,537
2023-03-16,93.0,1056,51.0,4,469
2023-03-17,109.0,1019,44.0,5,530
2023-03-18,101.0,1027,40.0,1,457
2023-03-19,89.0,1034,59.0,3,453
2023-03-20,122.0,990,42.0,2,520
2023-03-21,107.0,1030,45.0,5,489
2023-03-22,94.0,996,63.0,4,520
2023-03-23,99.0,992,42.0,5,463
2023-03-24,91.0,917,51.0,8,508
2023-03-25,97.0,1069,46.0,7,472
2023-03-26,99.0,1055,53.0,5,543
2023-03-27,96.0,924,51.0,12,507
2023-03-28,89.0,1076,45.0,5,513
2023-03-29,106.0,1011,57.0,3,506
2023-03-30,,1075,45.0,6,519
2023-03-31,84.0,952,65.0,10,481
2023-04-01,99.0,1029,44.0,4,511
2023-04-02,101.0,1059,25.0,4,518
2023-04-03,102.0,1099,49.0,3,502
2023-04-04,117.0,922,39.0,4,530
2023-04-05,100.0,1006,48.0,4,487
2023-04-06,103.0,1085,37.0,5,489
2023-04-07,90.0,965,62.0,7,484
2023-04-08,116.0,1009,44.0,6,506
2023-04-09,84.0,975,48.0,6,441
2023-04-10,,1050,59.0,4,497
2023-04-11,124.0,976,48.0,6,526
2023-04-12,99.0,955,40.0,9,547
2023-04-13,113.0,1079,54.0,6,506
2023-04-14,80.0,1008,43.0,6,504
2023-04-15,77.0,1069,50.0,4,514
2023-04-16,93.0,1037,48.0,5,517
2023-04-17,132.0,1002,45.0,9,492
2023-04-18,86.0,1030,44.0,9,475
2023-04-19,107.0,1067,49.0,6,461
2023-04-20,88.0,1034,66.0,6,526
2023-04-21,120.0,1043,59.0,5,470
2023-04-22,109.0,928,55.0,3,478
2023-04-23,99.0,1022,39.0,5,525
2023-04-24,91.0,989,54.0,6,458
2023-04-25,85.0,1011,43.0,7,481
2023-04-26,109.0,1021,61.0,5,488
2023-04-27,118.0,947,57.0,4,486
2023-04-28,113.0,1015,65.0,9,513
2023-04-29,71.0,1028,49.0,4,542
2023-04-30,117.0,1004,49.0,7,514
2023-05-01,84.0,1059,48.0,7,492
2023-05-02,98.0,1040,39.0,4,471
2023-05-03,107.0,928,52.0,6,516
2023-05-04,98.0,911,50.0,3,521
2023-05-05,113.0,1137,53.0,10,524
2023-05-06,88.0,1039,57.0,2,444
2023-05-07,109.0,917,35.0,8,492
2023-05-08,113.0,895,56.0,4,456
2023-05-09,,927,46.0,4,483
2023-05-10,89.0,1089,45.0,6,482
2023-05-11,102.0,1138,53.0,7,530
2023-05-12,108.0,1084,49.0,5,489
2023-05-13,110.0,966,45.0,8,488
2023-05-14,94.0,972,38.0,5,522
2023-05-15,92.0,1031,51.0,4,446
2023-05-16,100.0,929,47.0,9,517
2023-05-17,119.0,1120,55.0,3,462
2023-05-18,91.0,991,34.0,7,505
2023-05-19,117.0,923,51.0,5,502
2023-05-20,88.0,1007,44.0,5,516
2023-05-21,107.0,1072,37.0,6,498
2023-05-22,102.0,1088,37.0,5,535
2023-05-23,108.0,1012,51.0,4,558
2023-05-24,78.0,942,41.0,5,467
2023-05-25,95.0,1038,44.0,7,549
2023-05-26,92.0,1057,51.0,6,531
2023-05-27,79.0,980,47.0,5,496
2023-05-28,85.0,952,43.0,4,456
2023-05-29,108.0,955,56.0,6,498
2023-05-30,105.0,973,44.0,7,577
2023-05-31,94.0,906,35.0,6,485
2023-06-01,123.0,970,40.0,11,466
2023-06-02,105.0,957,41.0,8,517
2023-06-03,84.0,1003,44.0,7,533
2023-06-04,83.0,1014,60.0,4,498
2023-06-05,97.0,1040,40.0,5,498
2023-06-06,102.0,1003,59.0,9,508
2023-06-07,115.0,984,35.0,5,499
2023-06-08,112.0,897,45.0,6,489
2023-06-09,116.0,1036,50.0,6,501
2023-06-10,91.0,1074,74.0,3,462
2023-06-11,86.0,982,43.0,8,516
2023-06-12,92.0,932,51.0,5,510
2023-06-13,93.0,1121,57.0,5,519
2023-06-14,123.0,825,70.0,5,513
2023-06-15,116.0,974,46.0,6,508
2023-06-16,85.0,962,46.0,5,481
2023-06-17,100.0,965,41.0,4,469
2023-06-18,81.0,1109,43.0,4,500
2023-06-19,97.0,890,58.0,5,516
2023-06-20,105.0,906,47.0,4,485
2023-06-21,100.0,899,36.0,3,499
2023-06-22,103.0,916,39.0,7,475
2023-06-23,86.0,1029,41.0,4,477
2023-06-24,107.0,1036,52.0,8,525
2023-06-25,87.0,1103,43.0,7,531
2023-06-26,82.0,948,53.0,4,486
2023-06-27,83.0,987,50.0,6,476
2023-06-28,92.0,972,38.0,7,530
2023-06-29,88.0,1051,57.0,3,515
2023-06-30,101.0,910,53.0,5,491
2023-07-01,96.0,1053,53.0,6,518
2023-07-02,105.0,953,74.0,11,472
2023-07-03,114.0,969,38.0,2,518
2023-07-04,113.0,969,40.0,2,460
2023-07-05,81.0,943,49.0,7,556
2023-07-06,87.0,1007,47.0,4,476
2023-07-07,85.0,1000,41.0,3,505
2023-07-08,122.0,916,48.0,6,484
2023-07-09,78.0,1004,42.0,4,517
2023-07-10,102.0,1033,58.0,4,507
2023-07-11,83.0,903,52.0,9,517
2023-07-12,124.0,1034,42.0,9,500
2023-07-13,80.0,1055,50.0,4,503
2023-07-14,106.0,1089,42.0,7,474
2023-07-15,105.0,920,52.0,6,455
2023-07-16,75.0,983,44.0,7,489
2023-07-17,87.0,1023,36.0,7,512
2023-07-18,88.0,925,54.0,5,490
2023-07-19,97.0,1008,40.0,3,484
2023-07-20,95.0,964,33.0,1,479
2023-07-21,91.0,875,55.0,5,506
2023-07-22,99.0,1040,33.0,5,503
2023-07-23,113.0,1084,50.0,6,466
2023-07-24,107.0,924,62.0,2,463
2023-07-25,89.0,1101,36.0,7,496
2023-07-26,89.0,1097,53.0,8,502
2023-07-27,119.0,984,44.0,2,490
2023-07-28,93.0,1091,62.0,4,482
2023-07-29,87.0,1054,41.0,2,525
2023-07-30,120.0,957,47.0,2,495
2023-07-31,96.0,949,42.0,10,466
2023-08-01,111.0,933,51.0,9,521
2023-08-02,100.0,1049,59.0,4,463
2023-08-03,116.0,1029,50.0,6,523
2023-08-04,81.0,919,51.0,3,526
2023-08-05,137.0,942,63.0,8,472
2023-08-06,108.0,1112,46.0,3,444
2023-08-07,121.0,959,51.0,7,529
2023-08-08,103.0,913,68.0,1,511
2023-08-09,102.0,963,41.0,3,491
2023-08-10,112.0,953,40.0,3,518
2023-08-11,102.0,979,61.0,2,485
2023-08-12,95.0,924,46.0,8,497
2023-08-13,116.0,1097,43.0,6,491
2023-08-14,90.0,926,51.0,4,493
2023-08-15,114.0,921,63.0,4,499
2023-08-16,95.0,1063,46.0,4,545
2023-08-17,115.0,1108,49.0,3,503
2023-08-18,,1074,49.0,4,499
2023-08-19,80.0,966,45.0,5,504
2023-08-20,93.0,958,43.0,4,484
2023-08-21,103.0,916,,3,475
2023-08-22,90.0,1122,47.0,8,525
2023-08-23,89.0,976,59.0,3,506
2023-08-24,85.0,941,28.0,8,537
2023-08-25,101.0,1053,50.0,4,481
2023-08-26,87.0,932,57.0,4,489
2023-08-27,104.0,1052,,3,491
2023-08-28,103.0,984,37.0,7,461
2023-08-29,86.0,879,64.0,5,525
2023-08-30,84.0,1020,49.0,7,536
2023-08-31,102.0,947,57.0,3,511
2023-09-01,105.0,963,32.0,3,495
2023-09-02,99.0,897,59.0,3,519
2023-09-03,86.0,919,43.0,3,467
2023-09-04,85.0,1011,54.0,8,517
2023-09-05,89.0,1028,51.0,5,497
2023-09-06,87.0,1011,42.0,5,533
2023-09-07,91.0,1039,29.0,7,519
2023-09-08,86.0,1106,65.0,6,483
2023-09-09,99.0,1084,52.0,5,530
2023-09-10,98.0,1002,50.0,7,519
2023-09-11,105.0,1072,52.0,4,511
2023-09-12,,1092,66.0,12,527
2023-09-13,93.0,988,50.0,5,520
2023-09-14,115.0,1063,51.0,5,506
2023-09-15,78.0,961,48.0,5,473
2023-09-16,72.0,1073,52.0,1,493
2023-09-17,86.0,1069,54.0,5,481
2023-09-18,93.0,928,34.0,1,487
2023-09-19,116.0,1042,45.0,8,491
2023-09-20,102.0,988,57.0,4,477
2023-09-21,,1049,57.0,3,490
2023-09-22,74.0,1035,59.0,5,486
2023-09-23,103.0,848,50.0,6,491
2023-09-24,119.0,954,46.0,4,513
2023-09-25,97.0,1002,47.0,10,456
2023-09-26,105.0,1115,63.0,6,503
2023-09-27,83.0,921,58.0,4,498
2023-09-28,95.0,1022,44.0,7,512
2023-09-29,73.0,1038,46.0,3,505
2023-09-30,67.0,1008,37.0,4,500
2023-10-01,114.0,982,64.0,3,492
2023-10-02,119.0,841,35.0,4,457
2023-10-03,102.0,954,61.0,10,507
2023-10-04,112.0,1047,56.0,9,487
2023-10-05,106.0,918,59.0,6,483
2023-10-06,117.0,970,54.0,7,533
2023-10-07,93.0,995,53.0,1,484
2023-10-08,103.0,925,59.0,7,482
2023-10-09,81.0,899,41.0,7,478
2023-10-10,128.0,1044,48.0,7,529
2023-10-11,109.0,1041,46.0,8,454
2023-10-12,82.0,923,40.0,8,518
2023-10-13,75.0,937,48.0,9,520
2023-10-14,83.0,991,56.0,4,525
2023-10-15,84.0,1021,62.0,2,485
2023-10-16,99.0,1054,66.0,8,515
2023-10-17,72.0,1034,,5,494
2023-10-18,99.0,1051,58.0,6,497
2023-10-19,103.0,990,53.0,8,480
2023-10-20,88.0,937,39.0,9,499
2023-10-21,95.0,1016,59.0,2,498
2023-10-22,89.0,991,42.0,5,498
2023-10-23,111.0,1055,44.0,5,506
2023-10-24,102.0,946,49.0,3,517
2023-10-25,114.0,1114,54.0,6,520
2023-10-26,94.0,889,,8,475
2023-10-27,99.0,989,38.0,2,462
2023-10-28,88.0,932,53.0,5,462
2023-10-29,,1014,51.0,0,481
2023-10-30,110.0,1105,52.0,4,493
2023-10-31,103.0,909,62.0,1,447
2023-11-01,113.0,922,39.0,6,515
2023-11-02,70.0,1106,40.0,7,545
2023-11-03,104.0,1039,43.0,7,519
2023-11-04,100.0,990,31.0,4,518
2023-11-05,70.0,1073,53.0,6,484
2023-11-06,115.0,956,42.0,7,455
2023-11-07,70.0,1036,52.0,3,511
2023-11-08,119.0,909,39.0,5,487
2023-11-09,108.0,1031,47.0,2,464
2023-11-10,89.0,934,54.0,5,495
2023-11-11,103.0,991,53.0,0,476
2023-11-12,65.0,986,48.0,8,540
2023-11-13,124.0,966,43.0,5,504
2023-11-14,97.0,974,48.0,5,531
2023-11-15,89.0,1015,53.0,5,458
2023-11-16,108.0,1119,70.0,4,456
2023-11-17,110.0,1006,67.0,6,483
2023-11-18,92.0,1055,33.0,8,501
2023-11-19,98.0,973,59.0,8,476
2023-11-20,104.0,1061,49.0,5,484
2023-11-21,90.0,1021,28.0,5,484
2023-11-22,109.0,1069,49.0,6,467
2023-11-23,116.0,1114,41.0,5,462
2023-11-24,99.0,1084,33.0,9,487
2023-11-25,126.0,1042,48.0,6,477
2023-11-26,104.0,995,64.0,5,481
2023-11-27,88.0,958,58.0,5,525
2023-11-28,85.0,1055,57.0,6,518
2023-11-29,91.0,977,50.0,3,485
2023-11-30,98.0,1083,34.0,2,505
2023-12-01,89.0,1056,53.0,3,525
2023-12-02,118.0,1021,48.0,8,499
2023-12-03,101.0,942,58.0,3,503
2023-12-04,97.0,989,46.0,6,481
2023-12-05,95.0,1161,63.0,5,478
2023-12-06,77.0,1036,56.0,6,541
2023-12-07,107.0,987,53.0,5,478
2023-12-08,118.0,1122,50.0,6,514
2023-12-09,82.0,999,62.0,4,466
2023-12-10,100.0,998,53.0,8,476
2023-12-11,108.0,970,45.0,12,505
2023-12-12,133.0,886,41.0,3,519
2023-12-13,109.0,1109,46.0,5,479
2023-12-14,100.0,1060,51.0,2,516
2023-12-15,86.0,986,65.0,5,506
2023-12-16,106.0,903,35.0,3,472
2023-12-17,95.0,1029,46.0,3,489
2023-12-18,105.0,1011,39.0,9,497
2023-12-19,92.0,1076,56.0,4,501
2023-12-20,120.0,1052,45.0,4,497
2023-12-21,108.0,960,53.0,6,520
2023-12-22,92.0,954,25.0,5,496
2023-12-23,95.0,928,40.0,5,501
2023-12-24,90.0,869,50.0,6,506
2023-12-25,97.0,956,38.0,5,473
2023-12-26,122.0,942,65.0,3,511
2023-12-27,81.0,1064,54.0,4,522
2023-12-28,85.0,931,39.0,7,482
2023-12-29,120.0,988,44.0,3,474
2023-12-30,87.0,961,49.0,8,551
2023-12-31,96.0,1077,52.0,5,528
2024-01-01,131.0,889,63.0,3,505
2024-01-02,125.0,1004,37.0,8,484
2024-01-03,87.0,1066,47.0,8,496
2024-01-04,113.0,957,55.0,7,479
2024-01-05,104.0,1007,67.0,3,518
2024-01-06,86.0,906,,4,482
2024-01-07,118.0,1020,59.0,3,498
2024-01-08,92.0,1137,56.0,4,491
2024-01-09,90.0,860,64.0,2,485
2024-01-10,99.0,1049,57.0,2,497
2024-01-11,124.0,1060,60.0,0,514
2024-01-12,73.0,994,59.0,10,458
2024-01-13,67.0,1054,35.0,0,540
2024-01-14,102.0,952,49.0,4,511
2024-01-15,119.0,994,49.0,1,484
2024-01-16,117.0,997,34.0,2,503
2024-01-17,100.0,1071,48.0,4,473
2024-01-18,93.0,919,46.0,4,510
2024-01-19,89.0,950,48.0,5,498
2024-01-20,88.0,1038,56.0,6,497
2024-01-21,86.0,938,47.0,6,512
2024-01-22,86.0,1060,53.0,4,474
2024-01-23,66.0,999,43.0,3,476
2024-01-24,113.0,1052,42.0,2,513
2024-01-25,89.0,918,56.0,7,484
2024-01-26,112.0,1063,56.0,4,529
2024-01-27,104.0,1045,74.0,3,509
2024-01-28,97.0,1059,52.0,3,521
2024-01-29,92.0,899,54.0,12,510
2024-01-30,98.0,1012,54.0,4,486
2024-01-31,83.0,932,55.0,2,439
